{
  "version": 1,
  "author": "Fabio Henrique Cabrini",
  "editor": "wokwi",
  "parts": [
    { "type": "wokwi-breadboard-half", "id": "bb1", "top": 246.6, "left": 2.8, "attrs": {} },
    { "type": "wokwi-esp32-devkit-v1", "id": "esp", "top": 4.7, "left": 4.6, "attrs": {} },
    {
      "type": "wokwi-dht22",
      "id": "dht1",
      "top": 105.9,
      "left": 215.4,
      "attrs": { "humidity": "77", "temperature": "-14.2" }
    },
    { "type": "chip-gps-fake", "id": "chip1", "top": 20.22, "left": 216, "attrs": {} }
  ],
  "connections": [
    [ "esp:TX0", "$serialMonitor:RX", "", [] ],
    [ "esp:RX0", "$serialMonitor:TX", "", [] ],
    [ "esp:GND.2", "bb1:tn.1", "black", [ "h-9.6", "v76.7" ] ],
    [ "esp:3V3", "bb1:tp.1", "red", [ "v48", "h-67.5" ] ],
    [ "dht1:VCC", "bb1:tp.18", "red", [ "v0" ] ],
    [ "dht1:GND", "bb1:tn.20", "black", [ "v0" ] ],
    [ "dht1:SDA", "esp:D4", "green", [ "v0", "h-115.1", "v-96" ] ],
    [ "chip1:TX", "esp:RX2", "green", [ "h-9.6", "v76.8" ] ],
    [ "chip1:RX", "esp:TX2", "green", [ "h-19.2", "v76.8" ] ],
    [ "chip1:GND", "bb1:tn.25", "black", [ "v0" ] ],
    [ "chip1:VCC", "bb1:tp.25", "red", [ "h0" ] ]
  ],
  "dependencies": {}
}